dist, distbohr, pol, energy, energyev
6.0 	11.3383612666	 [[ 0.16071205 -0.0866947   0.38586093]] 	[[-0.04204048]] 	[[-1.14396357]]
